{
    "success": true,
    "UUID": "cf8b2bc61fec40fb8c7554a99fed8baa",
    "username": "Andorite",
    "rank": "MVP_PLUS_PLUS",
    "plusColor": "BLACK",
    "plusPlusColor": "GOLD",
    "APISettings": {
        "onlineStatusHidden": true,
        "winstreaksHidden": true
    },
    "Bedwars": {
        "EXP": 7047997,
        "level": 1448.5994,
        "coins": 10681057,
        "chests": 944,
        "quickbuy": "wool,stone_sword,wooden_pickaxe,golden_apple,ender_pearl,jump_v_potion_(45_seconds),tnt,end_stone,iron_sword,wooden_axe,iron_boots,water_bucket,invisibility_potion_(30_seconds),bridge_egg,blast-proof_glass,stick_(knockback_i),shears,diamond_boots,magic_milk,speed_ii_potion_(45_seconds),fireball",
        "preferedSlots": "Melee,Tools,Tools,Utility,null,Potions,Potions,null,Blocks",
        "overall": {
            "gamesPlayed": 39769,
            "winstreak": 0,
            "wins": 36808,
            "losses": 2860,
            "WLR": 12.86993006993007,
            "finalKills": 87898,
            "finalDeaths": 3024,
            "FKDR": 29.066798941798943,
            "kills": 51992,
            "deaths": 99002,
            "KDR": 0.5251611078564069,
            "bedsBroken": 42984,
            "bedsLost": 4396,
            "BBLR": 9.777979981801638,
            "resourcesCollected": {
                "iron": 5360231,
                "gold": 783636,
                "diamond": 75643,
                "emerald": 42827
            }
        },
        "solo": {
            "gamesPlayed": 2121,
            "winstreak": 0,
            "wins": 1886,
            "losses": 232,
            "WLR": 8.129310344827585,
            "finalKills": 6508,
            "finalDeaths": 212,
            "FKDR": 30.69811320754717,
            "kills": 4255,
            "deaths": 5847,
            "KDR": 0.7277236189498888,
            "bedsBroken": 6324,
            "bedsLost": 462,
            "BBLR": 13.688311688311689,
            "resourcesCollected": {
                "iron": 600918,
                "gold": 90708,
                "diamond": 22260,
                "emerald": 14671
            }
        },
        "doubles": {
            "gamesPlayed": 1567,
            "winstreak": 0,
            "wins": 1265,
            "losses": 300,
            "WLR": 4.216666666666667,
            "finalKills": 5098,
            "finalDeaths": 291,
            "FKDR": 17.518900343642613,
            "kills": 3700,
            "deaths": 5068,
            "KDR": 0.7300710339384373,
            "bedsBroken": 2885,
            "bedsLost": 348,
            "BBLR": 8.290229885057471,
            "resourcesCollected": {
                "iron": 301413,
                "gold": 48588,
                "diamond": 8304,
                "emerald": 4624
            }
        },
        "threes": {
            "gamesPlayed": 12948,
            "winstreak": 0,
            "wins": 12572,
            "losses": 375,
            "WLR": 33.525333333333336,
            "finalKills": 29588,
            "finalDeaths": 377,
            "FKDR": 78.48275862068965,
            "kills": 16246,
            "deaths": 29581,
            "KDR": 0.549203880869477,
            "bedsBroken": 12792,
            "bedsLost": 632,
            "BBLR": 20.240506329113924,
            "resourcesCollected": {
                "iron": 1460402,
                "gold": 244548,
                "diamond": 18111,
                "emerald": 8888
            }
        },
        "fours": {
            "gamesPlayed": 22834,
            "winstreak": 0,
            "wins": 20800,
            "losses": 1943,
            "WLR": 10.705095213587237,
            "finalKills": 46431,
            "finalDeaths": 2133,
            "FKDR": 21.76793248945148,
            "kills": 27597,
            "deaths": 58187,
            "KDR": 0.47428119683090725,
            "bedsBroken": 20890,
            "bedsLost": 2943,
            "BBLR": 7.0981991165477405,
            "resourcesCollected": {
                "iron": 2979250,
                "gold": 398048,
                "diamond": 26952,
                "emerald": 14616
            }
        },
        "4v4": {
            "gamesPlayed": 299,
            "winstreak": 0,
            "wins": 285,
            "losses": 10,
            "WLR": 28.5,
            "finalKills": 273,
            "finalDeaths": 11,
            "FKDR": 24.818181818181817,
            "kills": 194,
            "deaths": 319,
            "KDR": 0.6081504702194357,
            "bedsBroken": 93,
            "bedsLost": 11,
            "BBLR": 8.454545454545455,
            "resourcesCollected": {
                "iron": 18248,
                "gold": 1744,
                "diamond": 16,
                "emerald": 28
            }
        },
        "luckyDoubles": {
            "gamesPlayed": 1,
            "winstreak": 0,
            "wins": 0,
            "losses": 1,
            "WLR": 0,
            "finalKills": 0,
            "finalDeaths": 0,
            "FKDR": 0,
            "kills": 0,
            "deaths": 2,
            "KDR": 0,
            "bedsBroken": 0,
            "bedsLost": 0,
            "BBLR": 0,
            "resourcesCollected": {
                "iron": 0,
                "gold": 0,
                "diamond": 0,
                "emerald": 0
            }
        },
        "luckyFours": {
            "gamesPlayed": 6,
            "winstreak": 0,
            "wins": 5,
            "losses": 1,
            "WLR": 5,
            "finalKills": 9,
            "finalDeaths": 2,
            "FKDR": 4.5,
            "kills": 7,
            "deaths": 27,
            "KDR": 0.25925925925925924,
            "bedsBroken": 7,
            "bedsLost": 2,
            "BBLR": 3.5,
            "resourcesCollected": {
                "iron": 1203,
                "gold": 142,
                "diamond": 0,
                "emerald": 0
            }
        },
        "rushDoubles": {
            "gamesPlayed": 3,
            "winstreak": 0,
            "wins": 0,
            "losses": 3,
            "WLR": 0,
            "finalKills": 1,
            "finalDeaths": 3,
            "FKDR": 0.3333333333333333,
            "kills": 1,
            "deaths": 4,
            "KDR": 0.25,
            "bedsBroken": 0,
            "bedsLost": 3,
            "BBLR": 0,
            "resourcesCollected": {
                "iron": 152,
                "gold": 28,
                "diamond": 0,
                "emerald": 13
            }
        },
        "rushFours": {
            "gamesPlayed": 12,
            "winstreak": 0,
            "wins": 5,
            "losses": 5,
            "WLR": 1,
            "finalKills": 9,
            "finalDeaths": 4,
            "FKDR": 2.25,
            "kills": 10,
            "deaths": 19,
            "KDR": 0.5263157894736842,
            "bedsBroken": 4,
            "bedsLost": 4,
            "BBLR": 1,
            "resourcesCollected": {
                "iron": 1564,
                "gold": 188,
                "diamond": 3,
                "emerald": 39
            }
        },
        "ultimateDoubles": {
            "gamesPlayed": 1,
            "winstreak": 0,
            "wins": 0,
            "losses": 1,
            "WLR": 0,
            "finalKills": 0,
            "finalDeaths": 1,
            "FKDR": 0,
            "kills": 0,
            "deaths": 1,
            "KDR": 0,
            "bedsBroken": 1,
            "bedsLost": 1,
            "BBLR": 1,
            "resourcesCollected": {
                "iron": 57,
                "gold": 13,
                "diamond": 0,
                "emerald": 0
            }
        },
        "ultimateFours": {
            "gamesPlayed": 15,
            "winstreak": 0,
            "wins": 12,
            "losses": 2,
            "WLR": 6,
            "finalKills": 21,
            "finalDeaths": 3,
            "FKDR": 7,
            "kills": 13,
            "deaths": 40,
            "KDR": 0.325,
            "bedsBroken": 3,
            "bedsLost": 4,
            "BBLR": 0.75,
            "resourcesCollected": {
                "iron": 1783,
                "gold": 224,
                "diamond": 0,
                "emerald": 3
            }
        },
        "armedDoubles": {
            "gamesPlayed": 0,
            "winstreak": 0,
            "wins": 0,
            "losses": 0,
            "WLR": 0,
            "finalKills": 0,
            "finalDeaths": 0,
            "FKDR": 0,
            "kills": 0,
            "deaths": 0,
            "KDR": 0,
            "bedsBroken": 0,
            "bedsLost": 0,
            "BBLR": 0,
            "resourcesCollected": {
                "iron": 0,
                "gold": 0,
                "diamond": 0,
                "emerald": 0
            }
        },
        "armedFours": {
            "gamesPlayed": 4,
            "winstreak": 0,
            "wins": 1,
            "losses": 2,
            "WLR": 0.5,
            "finalKills": 1,
            "finalDeaths": 1,
            "FKDR": 1,
            "kills": 1,
            "deaths": 12,
            "KDR": 0.08333333333333333,
            "bedsBroken": 1,
            "bedsLost": 1,
            "BBLR": 1,
            "resourcesCollected": {
                "iron": 582,
                "gold": 66,
                "diamond": 0,
                "emerald": 0
            }
        },
        "voidlessDoubles": {
            "gamesPlayed": 0,
            "winstreak": 0,
            "wins": 0,
            "losses": 0,
            "WLR": 0,
            "finalKills": 0,
            "finalDeaths": 0,
            "FKDR": 0,
            "kills": 0,
            "deaths": 0,
            "KDR": 0,
            "bedsBroken": 0,
            "bedsLost": 0,
            "BBLR": 0,
            "resourcesCollected": {
                "iron": 0,
                "gold": 0,
                "diamond": 0,
                "emerald": 0
            }
        },
        "voidlessFours": {
            "gamesPlayed": 14,
            "winstreak": 0,
            "wins": 11,
            "losses": 3,
            "WLR": 3.6666666666666665,
            "finalKills": 32,
            "finalDeaths": 4,
            "FKDR": 8,
            "kills": 5,
            "deaths": 13,
            "KDR": 0.38461538461538464,
            "bedsBroken": 14,
            "bedsLost": 8,
            "BBLR": 1.75,
            "resourcesCollected": {
                "iron": 1157,
                "gold": 157,
                "diamond": 6,
                "emerald": 2
            }
        },
        "castle": {
            "gamesPlayed": 46,
            "winstreak": 0,
            "wins": 33,
            "losses": 14,
            "WLR": 2.357142857142857,
            "finalKills": 13,
            "finalDeaths": 7,
            "FKDR": 1.8571428571428572,
            "kills": 36,
            "deaths": 92,
            "KDR": 0.391304347826087,
            "bedsBroken": 3,
            "bedsLost": 47,
            "BBLR": 0.06382978723404255,
            "resourcesCollected": {
                "iron": 5346,
                "gold": 855,
                "diamond": 78,
                "emerald": 57
            }
        }
    }
}